"cell50x50","SR"
"29SMC3",5
"29TNH2",8
"29TPE1",7
"30SUJ1",13
"30SXJ4",11
"30TTN4",12
"30SWH1",10
"30SYK2",15
"30TUN2",13
"30TUN1",16
"30TWN4",18
"30TXN3",18
"30TXS1",11
"30TXS2",17
"30UXU4",8
"30TXQ1",6
"30UVD3",10
"30UXV2",9
"31TBH3",18
"30UWU3",15
"31TCK3",9
"31TDK4",6
"31TDG3",20
"31TCM4",13
"31TEM4",9
"31TEL4",14
"31TEN4",10
"31TGH1",15
"31UCR2",9
"31UCP2",7
"31UCQ1",20
"31UDP3",11
"31UDS2",16
"31UFP1",14
"31UEQ1",12
"31UFS4",12
"32TLT1",21
"32TMQ2",13
"32TMS3",21
"32TNQ1",12
"32TNT2",22
"32TQR1",24
"32TQS1",22
"32ULD4",10
"32ULD1",18
"32ULB4",8
"32UMB1",9
"32UMB2",8
"32UMB3",8
"32UMD4",10
"32UNC2",10
"32UNE3",19
"32UPE2",20
"32UPA3",14
"32UPC3",16
"32UPU4",18
"33TTH3",11
"33TUG2",10
"33TUN1",19
"33TVL3",20
"33TUN2",21
"33TUM3",20
"33TWN3",17
"33TXL3",19
"33TWN2",15
"33UUB3",21
"33TYL2",18
"33UVR3",13
"33UVQ3",18
"33UVQ1",22
"33UWU2",15
"33UVS4",18
"33UWU4",15
"33UWR1",16
"33UWS1",16
"33UWU3",18
"34SEH1",13
"34SEK4",14
"34TDP4",9
"34UCA1",16
"34TFS1",13
"34UDE4",18
"34UDE2",15
"34UDF2",18
"34UEC1",15
"34UDV1",20
"34UFD3",25
"35TLH4",20
"35TLN1",13
"32TLT2",23
"30SXJ1",10
"30TWT4",13
"30SVH3",12
"30UVF4",28
"31TFJ4",20
"31UES3",17
"31UET3",16
"31UET4",18
"32UMG3",19
"32TNT3",25
"33TTK3",11
"32UMV3",15
"33TXM4",13
"33TYM2",11
"33UVT1",16
"33UVU3",21
"33UWV2",18
"33UXT2",17
"33VVE3",22
"34SDJ1",14
"34TET1",15
"34TET2",12
"34UCE2",16
"34TFK3",13
"34UCA3",18
"34UEC3",16
"34UFU2",15
"35TNG1",24
"35TPL4",22
"32VNP4",38
"32VNP2",34
"33WWN4",33
"34WDV2",31
"34WFU1",31
"34WFV2",32
"35WMN3",32
"34WEV3",29
"35WMT1",36
"35WNP2",30
"33TYJ2",14
"34SFH2",8
"34TGL1",14
"30TYM1",24
"31TCG3",21
"35TMG2",16
"32TLQ3",21
"30TYN2",21
"32TMR2",19
"32TMR3",16
"32TNS2",23
"32TPT1",24
"33TVG2",17
"33TUM1",19
"33TUG4",15
"34TFM4",23
"34TCN3",17
"35TKG4",19
"29UNT1",16
"34UCV3",23
"29UMT4",12
"30TWM2",14
"30TXN4",17
"30TVN1",15
"30UUG1",17
"30UWB2",21
"30UXE1",10
"30UWE1",12
"30VUK4",25
"30UXC4",11
"30UYU1",7
"30VUH3",20
"30VVJ4",13
"30VUH1",23
"31TEK2",13
"31TEL2",13
"31TEM3",14
"31UCP1",8
"31UCS3",21
"32TKQ4",20
"31VFK2",36
"31UGP1",14
"32TLQ4",18
"32TNR1",25
"32TQT1",21
"32TMR1",18
"32UMD3",12
"32ULU3",16
"32ULC4",6
"32ULU2",13
"32UMV1",9
"32UNE1",19
"32UNC1",10
"32UPF2",22
"32UNU2",14
"32UPB3",9
"32UPB2",15
"32UNV2",5
"32UPA4",14
"32VLM3",20
"32VNH4",16
"32VMQ4",33
"32VNL4",18
"32VNM3",23
"32VPK3",29
"33TXK3",14
"33UUP1",12
"33TWL2",13
"33UUQ1",19
"33UWR3",22
"33UVP2",18
"33UWP4",18
"33UXA3",19
"33UXQ4",25
"33UXQ3",21
"33UWT1",14
"33VUD3",20
"33UXS3",16
"33VVK1",30
"33VWG2",21
"33VWF4",19
"33VWC2",30
"33WVM2",32
"33WWR1",24
"33VWL3",26
"34TDR2",21
"34TCQ3",10
"34UCD3",15
"34UCC1",14
"34UCD4",17
"34UDA1",16
"34UCV4",25
"34UDU3",22
"34UEF3",15
"34UEV1",16
"34UEB3",13
"34UFA1",17
"34UFD2",14
"34UFF3",15
"34UEE4",18
"34VCM4",32
"34VFM2",34
"34VEP1",41
"34WDS4",30
"34WDT1",28
"35TML2",9
"35TMH1",10
"35TMM1",12
"35TNH3",24
"35ULS2",15
"35UNP2",14
"35UMB4",17
"35VLD2",21
"35VMH4",31
"35VMG1",35
"35VMJ1",28
"35VNJ4",25
"35VPJ1",27
"35VNJ1",27
"35WMN2",38
"35WMM1",36
"35WPN2",23
"29SQA1",18
"30TUM3",13
"30TWK1",13
"30TUM4",10
"31TDF1",13
"31TCJ4",8
"31TCF3",13
"31TEH1",21
"32TQQ2",15
"31UFU2",16
"31UFU3",18
"32ULC1",18
"32UNA2",14
"32TPP3",11
"32TQP2",11
"32ULA3",9
"32ULD2",15
"32UNF3",24
"32VNJ4",14
"32UPB4",13
"32VNH3",13
"33TUG1",13
"33TTG3",8
"33TVN3",20
"33TWF3",7
"33TVF4",7
"33TVN1",20
"33UUB4",17
"33UUS4",15
"33UVA2",19
"33UXP1",16
"33UXT1",17
"33VUE4",19
"33VUC3",25
"33UXV2",14
"34TCS2",12
"34TCT3",13
"34TFN3",19
"34TES1",14
"34UCU3",19
"34UCF1",19
"34TFM1",13
"34UEF2",16
"34UEA1",15
"34UFD1",17
"34UED3",16
"34UFA4",22
"34VFH1",15
"34UEV4",23
"34VEH2",21
"34UFC1",14
"34VFL4",28
"35TPJ2",15
"35TMN3",11
"35TNG3",22
"35TMJ3",16
"35ULA1",19
"35ULA3",16
"35UMA1",17
"35VLF3",30
"29SPB3",14
"29SND3",7
"29SNC2",7
"29TQG2",12
"29TNG1",11
"30SUF1",10
"30SVG3",13
"30SVG1",7
"30SVF3",12
"30SUF3",11
"30TUL2",13
"30TUN3",15
"30TUL3",9
"30TWM1",16
"30TYK1",13
"30TWL4",9
"31TBG4",17
"30TYR2",6
"31TCJ2",7
"31TEJ4",21
"31TEN3",8
"31TFK4",18
"31TEJ3",15
"31TGK2",18
"31TGN2",15
"31UCP4",9
"31UER1",11
"31UEQ4",9
"31UFR3",10
"32TKP3",19
"31UFQ4",14
"32UMA4",12
"32UMB4",10
"32UMA3",13
"32UNE4",22
"32UME4",16
"32UPD4",16
"32UPU3",10
"32VMN1",21
"32VMR4",30
"32VNQ3",24
"32WPS1",35
"33UVR1",16
"33UVU4",18
"33UWS2",18
"33UXA2",17
"33UWV4",15
"33UXS1",17
"33VVH3",27
"33VVK4",24
"33VUH4",22
"33VVJ1",29
"33WWM1",34
"33WWM4",30
"33WWP1",29
"33WWR2",29
"34UCC3",16
"34UDF4",19
"34UCC4",16
"34UDC1",15
"34UDC3",15
"34UED2",16
"34UFC3",16
"34UFV1",22
"34UFF4",23
"34VDR1",35
"34VDR3",35
"34VFJ4",23
"34WDU4",27
"34WDS3",25
"34WEA2",27
"35VLL4",31
"35VML1",26
"35VMF3",25
"35VLL3",25
"35VMF1",34
"35VML3",26
"35WMR1",27
"35VNL4",25
"35VPJ2",28
"35WNM4",26
"35WMQ2",29
"35WMT3",23
"35WNT4",35
"32VPQ2",30
"32VNR3",34
"32VPN1",25
"32VPR1",36
"32VNQ2",29
"33VWK2",24
"33VXK2",33
"33VWK1",25
"33WVN3",28
"33WXQ2",32
"33WXM1",27
"34WFV1",33
"34WFA1",32
"35WMR3",30
"35VNH2",36
"35WMM4",30
"35WMQ4",28
"36VUQ3",28
"35WNS1",33
"29SQE2",11
"29TMH3",5
"29SQD2",12
"29TPH2",7
"29UMA2",20
"29UNT2",10
"29UPA4",17
"29UPU4",16
"30SUF2",9
"30SVG4",12
"30STF4",16
"30TUM2",10
"30SYJ2",16
"30TUN4",19
"30TWN3",13
"30TWM4",15
"30UVB4",9
"30UWC1",8
"30UWD2",9
"30VVL4",27
"31TBH4",20
"31TBF3",15
"31TCH4",17
"31TFJ2",21
"31UFQ3",13
"31UFT3",17
"31VFE3",32
"31VFG2",28
"32TLP3",19
"32TLS2",29
"32TPR3",20
"32ULC2",12
"32UNV4",10
"32UNG1",14
"32UNG2",15
"32VLN3",23
"32VNN1",30
"32VMQ2",25
"32VPL3",22
"33TUL3",19
"33TWG4",13
"33TXK2",7
"33UUS3",13
"33UUP4",15
"33UVQ2",25
"33UUT4",13
"33UUT1",14
"33UVV4",18
"33UXA4",17
"33UVS3",19
"33UXU3",14
"33VUC2",14
"33UXR1",18
"33UXU1",14
"33VVD2",22
"33VUC4",26
"33VVC2",23
"33VWD3",27
"33VWJ1",26
"33VWG3",19
"33VWF3",20
"33WVQ3",31
"33VWH3",24
"33WVN1",16
"33WVP2",36
"33WWS4",29
"34SDH3",7
"34SFF2",3
"34SFJ2",13
"34TDP3",9
"34TFK1",21
"34TCR1",20
"34TDT1",12
"34UCB3",14
"34TET4",14
"34TGT1",17
"34UDA2",19
"34UCA4",22
"34UDU2",13
"34UDD1",13
"34UDB1",15
"34UED4",13
"34UEC4",16
"34UFC4",23
"34UFA3",19
"34UFV2",19
"34VEJ2",18
"34VER4",35
"34VER3",34
"34WCT3",27
"34WDB2",26
"34WES2",30
"34WEA1",34
"34WFS2",38
"35TLH2",22
"35TKF4",21
"35TMG4",9
"35TLN3",12
"35TNJ1",20
"35ULP4",15
"35VLK4",27
"35VMH2",26
"35VLC2",12
"35VLJ4",28
"35VNC4",25
"35VNF1",22
"35WLN3",35
"35WMN4",29
"35WNN1",31
"35WNM3",25
"35WNR2",31
"35TPK1",21
"32TLR1",22
"32TMS4",21
"32TPT4",21
"33TUH2",13
"33TTL3",26
"34SEJ2",15
"30TTK3",17
"32TLP1",20
"31TEK3",15
"31TEJ1",19
"29UMA4",20
"30UVD2",15
"29UPB4",18
"30VVK4",26
"30UWD3",12
"31VFJ1",38
"32VMQ1",35
"32VMK4",16
"32VNM2",26
"34WEA4",29
"35WNR4",28
"32UMG4",23
"32VMQ3",35
"32VPN2",28
"33VUD1",28
"33VVF1",23
"33VVD4",18
"33VVJ3",24
"33VWK3",24
"33VWG1",22
"33VWH1",24
"33VXH2",31
"33WWN3",33
"34VEN4",28
"34WDS1",27
"34VFK3",32
"34VFL1",22
"34VFN2",26
"34VEQ4",26
"35VMD3",20
"35VML4",25
"35VNK3",27
"35WMM2",30
"35WMQ3",29
"35WNP3",27
"32VNN3",30
"33WVM1",31
"33VWJ2",25
"34VEM3",36
"34WCS3",27
"34VEP2",39
"34WDT2",28
"35VLG3",36
"35VNK1",26
"35VNL3",25
"35VNH1",27
"35VPK2",29
"35WNR1",31
"34WEB2",31
"35WMS4",33
"33VVF2",22
"33VVH2",23
"33WVM3",31
"33VUL3",33
"30VVK2",22
"33UVB1",25
"34WDU2",28
"30UUA2",14
"34WEU4",32
"30UWG4",22
"30UUG4",27
"34VDR2",34
"33WWM2",29
"33VWC3",31
"33VVL2",32
"33VWG4",21
"32ULA1",10
"30UWF1",8
"33WXN2",28
"33WXM2",27
"31VFF3",30
"31VFH1",28
"29VPC3",26
"32VPM2",24
"32VPP2",29
"33WWP3",32
"32VLQ4",35
"33VXH1",28
"33WXQ1",30
"30VVJ3",20
"32VNQ4",32
"33VVH1",23
"35WNT2",33
"30VUJ4",17
"34WDB1",36
"35VMJ4",26
"31VFG1",29
"33VXL1",27
"33VWD2",18
"32VNN4",30
"32VNP1",35
"33VWE3",31
"33VVC1",19
"33VWK4",24
"33WWN1",33
"32WPS2",26
"34WEC4",20
"34WCS4",25
"34VCM3",29
"35VMJ3",25
"35ULA4",19
"35UMB3",17
"35WLP3",31
"35VMK3",27
"35VLH3",30
"34WEB3",24
"34WEB4",24
"35VND1",20
"35VME2",21
"35VNH3",30
"35WMT4",33
"35WNM1",26
"32UPC4",17
"32UPE3",23
"32VMH3",15
"32VNH1",12
"34TFM3",24
"34UDE1",16
"32UMG1",11
"33UXT3",15
"34UFF2",19
"34UCB1",14
"33UWS3",16
"33UWT2",18
"33UXV3",18
"35TNN1",18
"34UEF4",19
"35TPK3",23
"34TDR1",17
"35VMK4",30
"34VEP3",26
"34UFB3",20
"35ULR1",14
"35VLE3",31
"33VUE3",21
"35VME1",22
"35VNK4",27
"30UVG4",15
"35VLH4",30
"35VLJ3",27
"35VME3",25
"35VMF2",20
"32VNR4",32
"33WWQ2",32
"36VUQ4",28
"36VUR4",25
"35WMP2",30
"31UCT3",21
"31VFF1",32
"30UXB2",15
"30UXB4",11
"30UXV3",15
"30VUH2",25
"30VUJ1",23
"35TLF2",24
"29UMT1",21
"30UVB3",9
"29UPV4",19
"30UUU3",18
"30UVV4",19
"30VVK1",31
"29UMT2",13
"30UXD1",9
"33TXL2",15
"33TXL4",16
"30UVF3",13
"34TBR3",15
"30UWB4",17
"31TCN2",9
"33UWQ2",20
"35WMU1",36
"32VNJ2",20
"34UFE1",23
"31UDR2",11
"29TQE1",18
"34TCT2",19
"33TWJ1",12
"33TWM2",16
"33TXK1",12
"35TMG3",11
"30UVG3",23
"35TNN4",16
"33TXM3",19
"31TFL2",14
"31TBJ4",5
"31TFM2",14
"34TER1",13
"31TCH3",19
"33UUR4",18
"35UMP4",18
"33UYP1",16
"33UYP2",12
"35TMJ4",7
"31TDL2",12
"29SQA2",11
"30TVL4",19
"33TYN2",16
"31UFT1",17
"30TXP4",10
"31UFT2",19
"35TMH3",15
"34TDR4",20
"32TPR2",14
"34TEQ1",20
"34TER3",10
"33TTK4",15
"33TUL4",10
"30STJ3",15
"33TYM1",17
"33UUA4",24
"32UPD2",19
"30TYT2",10
"31TEN2",12
"33TWL3",14
"31UFP3",12
"33UWQ1",14
"34UCE4",18
"34UCF2",18
"33UWR4",18
"33TXM1",14
"33UWT3",15
"32UND3",13
"34UDA4",19
"34TFT1",13
"34TCR3",14
"34UDC4",16
"34TCS4",9
"34UEB2",16
"33UXP3",18
"34UCA2",26
"34TDQ3",14
"33UXR4",23
"34UCC2",17
"34TEL3",14
"34UDV4",23
"34UEG2",26
"34UEV3",20
"34UFB4",18
"34UFD4",22
"35VLC4",16
"35VMC3",28
"29UMU3",18
"31UCU3",19
"31UCU4",22
"30SXH4",19
"30TVT3",15
"30TWT2",11
"30UXC1",9
"29UNA3",11
"31VFF4",38
"30UXD4",12
"30UVB2",15
"30UVC1",14
"30UUF2",16
"31UDS4",10
"32VPH1",12
"32VPH2",12
"30VVK3",25
"32UNC3",15
"34VEN2",36
"32UQU2",19
"34VEQ2",39
"31UFT4",14
"34VFK4",22
"33WUN4",27
"35TPL2",18
"29UNA4",13
"29UNU3",6
"34TGP1",13
"33UVV2",19
"32VNR1",24
"32VLQ3",25
"30UWC2",11
"32VML1",27
"32VML2",22
"33UVV3",21
"34UFC2",22
"33VVC4",32
"32VLK3",29
"34WEV1",26
"34WDS2",26
"35VMD4",22
"34UDF3",21
"35VMG3",30
"36WVC1",25
"35WNQ1",27
"31TCF2",22
"30UUF1",15
"29UNU2",9
"31UDU2",16
"30UWC3",8
"33UUR1",20
"32ULV2",14
"31TFL3",19
"32UMD1",10
"32UQU1",14
"30TVN2",14
"31UCR4",13
"31UCS2",18
"31UCT1",18
"34UDD4",15
"30UXE2",14
"34VFL2",33
"32UNF2",14
"33UUA2",21
"32TMT2",25
"34TDT3",19
"33UVV1",17
"34UCB2",15
"33VUF4",18
"35TNH2",32
"34UCF4",22
"33VWF1",24
"35VLE4",31
"30UUC4",19
"31TCM1",9
"31UCU2",22
"33VUD2",23
"34VEN1",37
"32VMM4",29
"34TDS3",11
"35VNE1",19
"35VNF2",18
"35WPP2",35
"33TYN1",17
"34UCE1",17
"33UUR3",19
"35VLF4",19
"33WVQ4",33
"31TDM1",11
"35VPL2",27
"35VMF4",23
"31UDR4",10
"35VMH3",27
"31TEL3",20
"34WDB4",26
"31UES1",15
"31UES2",8
"30UWV3",20
"30TWN2",18
"31TFN4",11
"31UFS3",14
"32ULE2",16
"30TXR3",12
"32UPC1",15
"31TDH3",17
"32TMT4",29
"33TYL1",11
"33UXR3",19
"32UME2",12
"32UME3",16
"33TUJ2",13
"32UMF3",21
"32VPK4",28
"33UXT4",17
"32UMU4",15
"33TVL2",16
"32UMV4",11
"33UXV1",17
"33TWE3",12
"32UNC4",15
"33UUQ4",20
"33VWH4",22
"34UCU4",17
"33TWM4",21
"34UFG1",16
"34VFH2",15
"34UFU1",12
"33WVP3",38
"34UFU4",16
"35ULB1",14
"35TMJ2",23
"35TMK2",9
"34UFB2",14
"34TCR4",12
"34UDG4",10
"35WLM3",39
"35WLM4",26
"35UMB1",17
"35WNS2",35
"35WPM2",25
"35VNJ3",28
"35VMC1",19
"30SUJ2",12
"31TFK1",17
"31TFK2",16
"31TFL1",12
"33UUR2",20
"33UUV2",19
"32VML4",21
"35WNU4",28
"32VPL1",31
"32VPP1",32
"30VUK3",25
"35WMU2",25
"33VXJ1",29
"33WWP2",29
"34WDA3",33
"35WNU2",24
"32VLL4",23
"32VLN4",21
"34WFA2",34
"34WDB3",32
"35WNT3",33
"33VWD4",27
"34VCL3",28
"33WVM4",32
"35WMQ1",27
"34VER2",37
"35VMG2",25
"34VFM1",31
"30UVD1",21
"32ULE4",16
"29UMV2",21
"29UNA2",16
"33VUG4",20
"32VLM4",21
"33VWE2",19
"33VVF4",23
"32VNN2",31
"34UDF1",23
"34VFL3",25
"34UFE2",21
"33WVQ2",25
"33VXF3",26
"34VEK4",19
"34WES1",29
"34WET3",33
"35WMP3",28
"30UVG1",9
"32TLT3",23
"30UWG2",10
"30VUJ3",17
"30VVH1",17
"30VVH2",16
"30VVH3",17
"30UVC3",10
"34VFQ1",29
"34UEC2",17
"33VVG2",20
"34VFR2",29
"33VWL1",26
"35VPL1",25
"31VFH2",28
"35WNQ3",27
"33WWS3",29
"33VXG2",20
"35WMM3",30
"35ULA2",17
"35ULB2",14
"35VMK1",27
"34VEP4",29
"35WPM1",26
"35VLD3",19
"30UWF3",17
"30SUG4",14
"34SDK4",17
"30TXM3",16
"29SQB1",16
"30SUK4",13
"30TTN3",17
"31TDH2",16
"30STK4",16
"31TDK1",8
"31TDK2",8
"31TBK3",6
"29TQH1",15
"31TDL4",13
"29SPE2",7
"31TGJ2",18
"31TDG1",21
"30SUK2",17
"29SQD1",13
"35TMF1",14
"30TVL2",17
"30TXR4",9
"29TPF3",11
"30SWF1",19
"34SFH1",20
"32TKR4",19
"32TQM1",6
"30TYQ1",7
"30TWM3",19
"34TBN3",10
"29TQH2",9
"34TBQ3",14
"33SXD4",8
"32TLR4",20
"34TCT4",12
"31TDJ1",12
"32TMQ4",8
"33TUF1",6
"35ULP2",16
"35TLF3",13
"33TUH4",13
"34SDJ3",14
"34VEH1",20
"35TMF3",6
"29TQF2",18
"29SPC4",8
"29SPE4",14
"29TNG3",8
"32VNL1",30
"29TPG4",11
"31TCH2",18
"30TVM4",17
"30TVN4",16
"31TEJ2",17
"32WNS3",16
"34SEJ3",14
"32TMS2",20
"35TNH1",16
"34TFS2",10
"33TWM1",19
"34TGM2",18
"33TYH1",16
"35WNN2",32
"35VNC1",16
"35TLG2",19
"35TNH4",21
"31TFN3",11
"31TGJ1",22
"31TGM2",23
"32ULB2",9
"32TLR2",19
"33TWL1",15
"32VNR2",34
"33VWD1",17
"33VUG3",19
"32TNS4",21
"33TUL1",14
"32TNT4",21
"33UWP2",17
"33TVM3",19
"34UCU2",21
"34UFG4",14
"33VWL4",28
"34TDQ1",16
"33VVK3",27
"33VXJ2",26
"34VFQ2",27
"34UEU1",18
"34VEH3",18
"35ULV1",18
"34UFE3",21
"30UVD4",10
"35VND2",15
"35WPN1",31
"33WVN4",31
"29UPB2",17
"33VVJ4",23
"33VWJ3",25
"33VXL2",25
"32VPR2",32
"34WDV3",33
"35WMN1",34
"35WMS2",28
"30TYN1",18
"32WPT2",28
"33TVM2",22
"32TPT2",14
"31TEK4",14
"31TGM1",20
"32TQS2",24
"31VFJ2",32
"32UPA1",14
"33UVP1",15
"33UVP3",18
"33VXD2",22
"33TVK3",19
"33TVL4",17
"32VNQ1",33
"35VMK2",30
"33TWN1",18
"35TLF1",16
"35UMB2",19
"35TLL4",16
"35WNQ2",28
"32TPR1",21
"34SEG4",9
"33TVF1",12
"33TVG1",17
"33TVH2",9
"34SFF1",12
"32TMP1",15
"34SFH4",5
"34TEL2",26
"34TFL4",14
"29SPB2",7
"30STF3",17
"32TKN3",14
"32TPN1",10
"32WNS4",31
"33WUN3",24
"32VML3",24
"35VMD2",19
"35VNL2",29
"32VNH2",11
"35VPK1",26
"33VVC3",20
"35UMA3",21
"34VEQ3",25
"35WMP1",29
"32VPM1",21
"34VFH3",17
"35WMR2",28
"32UMC1",8
"35WMP4",32
"34VEQ1",41
"35WNT1",28
"29SMD3",9
"29UPU3",18
"30UWU1",15
"34WDC2",33
"30TVT1",10
"29UNV4",11
"30TYT1",10
"30UWB3",11
"30UXD3",6
"30UWC4",9
"31TFJ3",22
"32TPQ2",10
"32TMQ1",8
"32TPR4",10
"32VNL2",23
"32UNU3",15
"32VPL2",24
"33TXJ2",13
"33UUP2",16
"33VUF3",20
"33VUD4",21
"33WUM4",28
"33VWF2",19
"33WWM3",31
"34TCS1",16
"34TFL1",20
"34UDA3",17
"34UEE1",22
"34UEU3",21
"34VFN1",27
"34VFP1",27
"34VFJ2",22
"35VNC2",11
"35VMH1",29
"35VNE2",20
"32VMN3",32
"32VNL3",30
"33VVK2",30
"35WMS1",18
"30UUA3",16
"30UXE3",26
"34WDC3",24
"31VFF2",22
"32TQT2",20
"32ULU4",18
"32VMK3",27
"33TVM1",22
"33VWC1",19
"33VVG4",19
"33VVG3",18
"34TFR2",15
"34UCV2",23
"34VFR1",34
"35VMJ2",25
"31TFK3",22
"31TFN2",11
"31TGL1",21
"32UMA1",11
"32UNB4",15
"32UPV4",16
"32UPV3",14
"33TWK1",12
"33UVR4",17
"33UXQ1",16
"33VVE2",19
"33VVF3",23
"34UEG1",19
"34UDU1",24
"34VEH4",19
"34VEJ4",16
"35ULB3",16
"35WMS3",30
"30TUK1",14
"30TUK3",17
"30TXT1",11
"31TCN1",10
"31TEM1",12
"31UDQ1",7
"31UEQ3",10
"32TLQ1",17
"32TMS1",23
"32TLS4",24
"32ULU1",15
"32UNU1",10
"32UNV3",7
"32UPV2",17
"33TVL1",21
"33TXN2",12
"33TYK2",10
"33UUU4",16
"33UVT2",14
"33UVU1",19
"33UWP3",11
"33VVJ2",23
"33VXF4",28
"33VXF2",27
"34SFG4",11
"34TCS3",13
"34TFL3",21
"34TGL2",16
"34TFN4",22
"34UDD3",12
"34UDC2",16
"34UED1",15
"34UFF1",14
"35VNK2",28
"35VNJ2",25
"35WMR4",32
"32TPS1",21
"32TPT3",21
"33TVN4",18
"33TVN2",18
"34UDV3",23
"34UEV2",17
"35TKL3",13
"35TLM4",21
"35WMT2",27
"30TYM2",17
"30TXM2",16
"29TPG2",10
"29SPD2",4
"29UNA1",25
"29SPB4",9
"30SUH2",11
"30TUL4",14
"30TUP4",9
"30UUU4",13
"30UWU2",5
"30UWF2",11
"30UXU2",8
"31TCH1",18
"31TEG1",17
"31TGL2",21
"31UFQ2",14
"31UFS1",10
"32TLS1",30
"32TLP2",16
"32ULV3",8
"32TPS3",22
"32UND1",12
"32UNB1",9
"32UND2",15
"32UPV1",12
"32VLP3",22
"32UNB3",13
"32UPF4",13
"33TTH4",11
"33TTG4",7
"33TXN1",18
"33UVU2",16
"33UWA4",18
"33UVT3",13
"33VWL2",26
"34SDJ4",20
"34SFJ1",8
"34TDS2",17
"34TEP1",10
"34TGS2",17
"34UCD2",16
"34UCU1",14
"34UDB4",16
"34UEB1",17
"34UDU4",14
"29UNB4",24
"30UUG3",14
"30UVU2",7
"32VNM4",25
"29TPF1",7
"29TPF2",5
"30STJ4",14
"30TVL1",13
"30UVA1",18
"30UVC4",8
"30UWE3",9
"31TCK1",8
"31TCF1",14
"31TCL2",6
"31TDJ4",11
"31UEP3",8
"32TLT4",24
"32TMQ3",12
"32TNQ4",6
"32TQP1",10
"32UNA1",12
"32UMA2",11
"32UMU3",13
"32VMN4",31
"33SWD3",6
"33SXD2",10
"33TUM2",20
"33UVS1",16
"33UUS2",14
"33VVD1",21
"33VVE1",20
"33VWJ4",25
"33WXS2",16
"34SFG2",12
"34SEH3",16
"34TFL2",16
"34TEQ4",10
"34TGN2",22
"35TLN4",14
"35TLM3",19
"29SMD4",7
"30SYH1",11
"30SXK2",11
"30TTL4",15
"30TVM1",12
"32TLS3",24
"32TPS4",21
"33TUH1",10
"33TUM4",21
"33TUN4",19
"34UDV2",19
"34UEU2",22
"30UVC2",13
"31TDH1",15
"31UER4",12
"32UPC2",18
"34UDB3",16
"35TKH4",14
"32UNG3",19
"33TWM3",16
"33UWU1",16
"33UXR2",19
"33UXP4",20
"34UEE2",17
"34UFG3",11
"35VLC3",19
"32TPQ1",10
"34TBR4",11
"35TMF2",27
"29SNC4",7
"29SPD4",12
"30SWG3",10
"30SXJ3",12
"30TXL3",14
"30TYQ2",6
"31TBF4",16
"31TCM2",7
"31TCN4",10
"31TDJ3",9
"31TEN1",11
"31UDP4",9
"31UEP2",12
"31UER2",10
"31UFU4",23
"32TNR3",23
"32TNP3",9
"32TQN2",8
"32UMC2",10
"32ULV4",11
"33TUH3",12
"33TWF1",6
"33UVP4",17
"33UVT4",15
"33UXS4",15
"33UXU4",14
"33VVE4",19
"33VWE1",21
"34TFP3",14
"34UEA2",17
"34UFA2",21
"34UFE4",18
"35TMH2",19
"35TNJ2",5
"35UNB1",25
"35VLD4",18
"30SXG3",18
"30TXS4",9
"30TYR1",8
"31TFM4",20
"31UEP1",8
"32TMT1",21
"32TMT3",17
"32TQR2",7
"32TQQ1",6
"32VLK4",28
"33TUF3",6
"33TVG4",6
"33TWJ3",10
"33TWF4",8
"33TXN3",9
"33UUV1",15
"33UWV1",14
"33UXP2",19
"34SFJ3",5
"35TKH3",11
"35TLM1",20
"30TXM1",17
"30TWN1",12
"31TBG3",20
"30UYU2",5
"31TCL1",9
"31TDM3",11
"31TDG2",9
"31TDM4",13
"31TFN1",11
"31UDP1",7
"32UNU4",12
"35TLG4",18
"29TPG1",9
"30SYJ1",18
"30TXS3",5
"30TXN2",20
"31TBL3",11
"31TEK1",16
"31TFJ1",16
"31TFM1",11
"31UDR3",10
"31UEQ2",7
"32TPN3",7
"32TNQ2",10
"32TQN1",9
"32ULA4",9
"32ULA2",8
"32UNF4",19
"33TVM4",21
"33TVE3",5
"33UUQ2",16
"33UVR2",17
"33UWP1",15
"33UXV4",19
"34UCB4",15
"35TML1",14
"35TKF3",19
"30TWT3",13
"30UXV1",13
"31UCS1",16
"31UDR1",18
"33UUV3",16
"33UWA2",12
"33VXG1",22
"34UEB4",20
"34UEU4",13
"34SGH1",9
"32TPP1",14
"34SEG3",12
"30UWD1",10
"30UXD2",11
"31TCL4",12
"31UGP2",9
"32TKR3",21
"32ULC3",7
"32UMD2",8
"32VMK2",24
"32UNV1",7
"33UUV4",18
"33UUU3",16
"33VUH3",24
"34TEQ3",9
"34UCD1",16
"34UEG4",17
"34WDT4",27
"35VLC1",17
"35VML2",27
"35VNL1",23
"30SVK4",9
"30SXK4",13
"31TCG4",12
"31TCG1",21
"30TVK1",19
"31TDJ2",14
"32TPQ4",14
"33TTJ3",9
"33TYK1",10
"33UUT2",16
"34SFG1",13
"35TLF4",15
"35TNL3",19
"29SNC3",7
"29TNF3",8
"29TQF1",14
"30TWL1",12
"31TDK3",11
"31TCM3",15
"31TCN3",12
"31TDL3",12
"31TGK1",21
"32ULB3",9
"31UFP4",5
"32UPD1",16
"32UPU2",17
"33UUP3",15
"33UWT4",16
"33UWS4",16
"33WWN2",32
"34WFB2",24
"35VMD1",19
"35WLP4",30
"35VLK3",27
"35WNN4",24
"29TNG4",9
"30TWL2",13
"31TBE3",17
"32UPE1",16
"33TXM2",11
"33TXE1",5
"33VUL4",34
"34SFH3",11
"34SFG3",3
"34UCE3",15
"35TMH4",16
"35ULB4",16
"32TNS1",20
"30TVM3",15
"31TEL1",15
"33WUP4",29
"32VMM2",28
"33VXK1",26
"32ULV1",13
"30VVJ2",19
"33VUJ4",33
"33VXF1",19
"34VCR3",26
"32UND4",17
"34TES2",11
"34UDD2",16
"33UXS2",16
"34VEN3",27
"35TMJ1",15
"30VVJ1",25
"30UUB4",14
"30UUC3",12
"33WVP1",26
"34TCT1",19
"34UEE3",17
"34TEK1",21
"32VMH4",16
"35TNN2",12
"32TNR4",12
"32TPP4",11
"31UCP3",11
"35TML3",15
"34TBN4",14
"32TMR4",9
"31UFR4",11
"34TES4",10
"34UFB1",15
"35VME4",19
"32ULB1",9
"32ULD3",14
"33TUN3",23
"31UCT2",16
"32VNK1",9
"32VMH2",13
"30UXB3",12
"30TXT3",10
"29TPF4",16
"29UMV4",15
"32TNT1",18
"31TDM2",14
"30UWE4",12
"31UCQ3",12
"30TWS3",13
"30TWT1",16
"32VMP3",33
"34UDE3",22
"32UNE2",17
"30UXU1",14
"31TFM3",18
"32UPB1",12
"32TPN4",8
"32UNA4",14
"33TWF2",9
"33SXD1",9
"33TWL4",10
"34TES3",13
"34UDB2",15
"34TET3",11
"34UGU2",20
"33UXQ2",23
"30SUG3",13
"33UUQ3",22
"30TYL1",15
"31UFV4",16
"34VFK1",27
"34WDC4",20
"30UVF1",24
"32VPQ1",33
"32VNM1",25
"30UXE4",7
"29TPE3",13
"30STH3",10
"33TWE1",12
"29TPJ2",5
"33TXE3",7
"34TEL4",24
"32TNS3",19
"32TKQ3",18
"32TLR3",22
"34SEH4",12
"35TMN2",13
"33UWQ4",19
"32TLQ2",18
"33WUM3",21
"33SWE2",8
"34TGN1",15
"33VVD3",18
"30UVU1",12
"30TXT2",13
"32TNR2",9
"32VMK1",26
"33TXH3",9
"33VVG1",21
"33WWR3",29
"33UVQ4",26
"31TEM2",12
"31UFQ1",15
"31UFP2",9
"31UFR1",8
"32UPD3",18
"33UVB2",11
"33UWV3",13
"34UEF1",19
"32VPL4",18
"29TNF4",7
"30TXN1",20
"30UWG1",19
"30UWU4",6
"31TCK4",8
"31TDN4",8
"31UDQ3",9
"31UER3",10
"31UFU1",17
"32UMV2",13
"32UMU2",14
"33SWE4",9
"33TUJ1",6
"33TVG3",7
"34SEH2",13
"34TDR3",10
"29UPV2",5
"29UPA2",6
"32UMC3",12
"33UVS2",18
"30SVG2",10
"29SNB2",7
"30SWG1",12
"30TYS1",5
"31TBJ3",6
"32TLP4",12
"32TPP2",11
"32UPA2",13
"33SXC1",8
"34TER2",8
"34UEA4",15
"29SND2",10
"29SNE2",8
"29TPH4",10
"30TVM2",14
"30TVN3",13
"31TCK2",7
"31TDG4",14
"33TXL1",9
"34TCR2",9
"34VFP2",28
"29SNE4",7
"30SWG2",9
"30TWK3",14
"30TXQ3",10
"31TCJ3",9
"31TFL4",17
"30UXV4",6
"31TGN1",10
"33UWQ3",13
"33UWR2",18
"34TFS4",17
"31TDH4",26
"32TPQ3",9
"33TUG3",13
"34TFQ1",9
"31TDL1",11
"32UPU1",14
"31TCG2",16
"33TWN4",17
"33UXU2",14
"30SXH2",10
"30TXK3",10
"31UFR2",14
"34TER4",12
"35TNK1",10
"29SQC2",8
"29UNU4",5
"32UPE4",12
"33TWG2",10
"33UUT3",13
"35WNP1",27
"34UEA3",14
"35TNM1",7
"29UNT3",14
"32TNQ3",9
"31TDN1",13
"31TDN3",11
"34TDS1",18
"35TNM3",9
"32UMC4",10
"32UNF1",19
"30UWD4",9
"34TDS4",12
"29TNH3",5
"30UVG2",7
"30TXR2",5
"30SVF1",10
"30TVL3",14
"35TNJ4",10
"32UMU1",18
"30UXF2",14
"32UNA3",10
"34UEG3",22
"34UCV1",23
"30TUL1",8
"30TXP2",12
"33TTL4",13
"34SEG1",4
"29TNH1",6
"31UEP4",10
"32TKP4",13
"30UVU3",8
"31TBK4",7
"31UCT4",6
"33SWC4",6
"34SEF3",5
"34TFQ4",7
"29SND4",7
"29SNB3",5
"30TXT4",8
"33TTJ4",8
"34SFF3",7
"30UVB1",6
"30UXU3",8
"30TUP2",7
"30TXR1",11
"30UVE4",9
"33TXN4",7
"30TXP3",4
"31TCJ1",8
"31TDN2",8
"31UCQ2",7
"30TUM1",9
"29SND1",10
"29TNF2",4
"30UXC2",8
"31TCL3",9
"33TVH1",4
"31UDP2",8
"29TNG2",8
"29TNH4",3
"31TBL4",6
"32UNB2",7
"30TXP1",4
"29SNB1",4
"30TXQ2",8
"33TXF2",4
"29SPC1",7
"31UCQ4",7
"33TXF4",2
"30UVU4",3
